id,name,website,address,corporatemark,ispending,createdAt,creditCode,hsCode,usenum,walletId
346,Test Corporate1,http://www.baidu.com,1 Baidu Street,123456789,10,2017-09-22 00:00:00,123456789000000001,1234567890,10,9596f6f7-b751-43fe-aa9f-1fc11fb54be3
2,Service Company,http://www.google.com,1 Google Drive,,0,2017-09-22 00:00:00,123456789000000002,1234567890,10,null
1,Test Corporate1,http://www.baidu.com,1 Baidu Street,,0,2017-09-22 00:00:00,123456789000000003,1234567800,10,null
3,Test Corporate2,http://www.baidu.com,1 Baidu Street,,0,2017-09-22 00:00:00,123456789000000004,1234567810,10,null
4,Test Corporate3,http://www.baidu.com,1 Baidu Street,,0,2017-09-22 00:00:00,123456789000000005,1234567820,10,null
5,Test Corporate4,http://www.baidu.com,1 Baidu Street,,0,2017-09-22 00:00:00,123456789000000006,1234567830,10,null
6,Test Corporate5,http://www.baidu.com,1 Baidu Street,,0,2017-09-22 00:00:00,123456789000000007,1234567840,10,null
7,Test Corporate6,http://www.baidu.com,1 Baidu Street,,0,2017-09-22 00:00:00,123456789000000008,1234567850,10,null
8,Test Corporate7,http://www.baidu.com,1 Baidu Street,,0,2017-09-22 00:00:00,123456789000000009,1234567860,10,null
9,Test Corporate8,http://www.baidu.com,1 Baidu Street,,0,2017-09-22 00:00:00,123456789000000010,1234567870,10,null
10,Test Corporate9,http://www.baidu.com,1 Baidu Street,,0,2017-09-22 00:00:00,123456789000000011,1234567880,10,null
11,Test Corporate10,http://www.baidu.com,1 Baidu Street,,0,2017-09-22 00:00:00,123456789000000012,2234567800,10,null
12,Test Corporate11,http://www.baidu.com,1 Baidu Street,,0,2017-09-22 00:00:00,123456789000000013,3234567800,10,null
13,Test Corporate12,http://www.baidu.com,1 Baidu Street,,0,2017-09-22 00:00:00,123456789000000014,4234567800,10,null
14,Test Corporate13,http://www.baidu.com,1 Baidu Street,,0,2017-09-22 00:00:00,123456789000000015,5234567800,10,null
